{
    "execution_time": "22.43", 
    "tests": [
        {
            "output": "RRT took 10.2986989021 seconds\nNo path found\nRRT took 11.0754830837 seconds\nNo path found\nSuccess!\nRRT took 0.334743976593 seconds\nPath found with 83 movements of distance  25.2485606175\nSmoothed path found with 2 movements of distance  22.0044956229\n", 
            "score": 2, 
            "max_score": 2, 
            "name": "RRT gives a solution on a simple planar problem"
        }, 
        {
            "output": "Success!\nRRT took 0.0228579044342 seconds\nPath found with 106 movements of distance  42.7923485304\nSmoothed path found with 3 movements of distance  30.3025527521\n", 
            "score": 2, 
            "max_score": 2, 
            "name": "Bidirectional RRT gives a solution on a simple planar problem"
        }, 
        {
            "output": "Success!\nRRT took 0.326553106308 seconds\nPath found with 9 movements of distance  8.90309191345\nSmoothed path found with 4 movements of distance  7.03075674104\n", 
            "score": 2, 
            "max_score": 2, 
            "name": "RRT gives a solution on a simple arm problem"
        }, 
        {
            "output": "Success!\nRRT took 0.0880029201508 seconds\nPath found with 22 movements of distance  17.616612636\nSmoothed path found with 3 movements of distance  10.461386314\n", 
            "score": 2, 
            "max_score": 2, 
            "name": "Bidirectional RRT gives a solution on a simple arm problem"
        }
    ], 
    "score": 8, 
    "leaderboard": []
}
